<?xml version="1.0" encoding="utf-8" ?>
<extension type="module" version="3.x" client="site" method="upgrade">
<name>Rail Gallery</name>
<author>Kian William Nowrouzian</author>
<creationDate>Jan 1, 2015</creationDate>
<copyright>Copyright© 2014 Kian William Nowrouzian</copyright>
<license>GNU General Public License version 3 ; see COPYING.txt</license>
<authorEmail>mezmer121@gmail.com</authorEmail>
<authorUrl>http://www.extensions.lord121.ir</authorUrl>
<version>1.0.0</version>
<description><![CDATA[<div style="background:#e71e9e; width:300px;font-weight:bold; font-style:normal; color:#fcfafb;">Welcome to RailGallery . Enjoy! </div>]]></description>
<updateservers>
		<server type="extension" name="event update" priority="1">http://www.extensions.lord121.ir/myextensions.xml</server>
</updateservers>
<files>
	<filename>mod_railgallery.xml</filename>
	<filename module="mod_railgallery">mod_railgallery.php</filename>
	<filename>helper.php</filename>
	<filename>index.html</filename>
	<filename>tmpl/default.php</filename>
	<filename>tmpl/index.html</filename>
	<filename>css/mystyles.css</filename>
	<filename>css/index.html</filename>
	<filename>js/jquery.js</filename>
	<filename>js/rgallery.js</filename>
	<filename>js/index.html</filename>
	<folder>images</folder>
	<folder>assets</folder>
</files>
<config>
<fields name="params" addfieldpath="modules/mod_railgallery/assets">
	<fieldset name="basic">
	    <field name="imagefolder" type="text" label="Image Folder Name:(use media to create a folder at this name and place your images in it)" description="" class="validate-imagefolder" />
		<field
					name="imagedetails"
					type="mtextarea"
					label="Input details of images in your folder image in the order of image files in your image folder and place | in between,  the number of images must be equal with the number of explanations!"
					description="Follow the sample under the textarea!"
					default="example.com en-GB | exmaple2.com fr-FR"
					class="validate-details"
		/>
		<field type="text" name="txtW" label="Gallery width:" description="MOD_WIDTH_DESC" filter="integer"   />
		<field type="text" name="txtH" label="Gallery height:" description="MOD_HEIGHT_DESC" filter="integer" />
		<field type="color" name="clr" label="Background color:" description="MOD_COLOR_DESC"  />
		<field type="text" name="tm" label="Gallery Speed:" description="MOD_SPEED_DESC" filter="integer" default="5000" />
		<field type="list" name="styleFont" label="Gallery Font Style:" description="MOD_STYLE_DESC">
			<option value="0">Normal</option>
			<option value="1">Bold</option>
			<option value="2">Italic</option>
			<option value="3">Bold-Italic</option>
		</field>
	  <field type="text" name="myFontFamily" label="Gallery Font Family:" description="MOD_FONT_FAMILY_DESC" filter="raw"   />
	  <field type="text" name="myFontSize" label="Gallery Font Size:" description="MOD_FONT_SIZE_DESC" filter="FLOAT"   />
	  <field name="lib" type="list" label="Add local jQuery:" description="MOD_LIB_DESC">
			<option value="0">No</option>
			<option value="1">Yes</option>
	  </field>
	</fieldset>
	
	
	
		
	
</fields>
</config>
</extension>
